variable,typeEnd,recEnd,databaseStart,variableStart,typeStart,recStart,numValidCat,catLabel,catLabelLong,units,catStartLabel,variableStartShortLabel,variableStartLabel,notes
Sex,cat,1,limesurvey,limesurvey::sex,cat,male,2,Male,Male,N/A,Male,Sex,Sex:,
Sex,cat,2,limesurvey,limesurvey::sex,cat,female,2,Female,Female,N/A,Female,Sex,Sex:,
Sex,cat,NA::b,limesurvey,limesurvey::sex,cat,else,2,Invalid,Invalid,N/A,Invalid,Sex,Sex:,
Age_cont,cont,copy,limesurvey,limesurvey::age,cont,"[55,100]",N/A,Age,Age,years,Age,Age,Age,
Age_cont,cont,NA::b,limesurvey,limesurvey::age,cont,else,N/A,Invalid,Invalid,N/A,Age,Age,Age,
Ethnicity4,cat,1,limesurvey,limesurvey::eth,cat,Wh,4,Caucasian,Caucasian,N/A,Caucasian,Ethnicity,What is your cultural or racial background?,
Ethnicity4,cat,2,limesurvey,limesurvey::eth,cat,SEA,4,South East Asian/Japanese/Chinese/Korean/Filipino,South East Asian/Japanese/Chinese/Korean/Filipino (Dummy variable of Ethnicity4_cat),N/A,South East Asian/Japanese/Chinese/Korean/Filipino (Dummy variable of Ethnicity4_cat),Ethnicity,What is your cultural or racial background?,
Ethnicity4,cat,3,limesurvey,limesurvey::eth,cat,Oth,4,Other/Multiple Origin/Unknown/Black/Latin American/AborigiN/Al,Other/Multiple Origin/Unknown/Black/Latin American/AborigiN/Al  (Dummy variable of Ethnicity4_cat),N/A,Other/Multiple Origin/Unknown/Black/Latin American/AborigiN/Al  (Dummy variable of Ethnicity4_cat),Ethnicity,What is your cultural or racial background?,
Ethnicity4,cat,4,limesurvey,limesurvey::eth,cat,SA,4,South Asian/West Asian/Arab,South Asian/West Asian/Arab  (Dummy variable of Ethnicity4_cat),N/A,South Asian/West Asian/Arab  (Dummy variable of Ethnicity4_cat),Ethnicity,What is your cultural or racial background?,
Ethnicity4,cat,NA::b,limesurvey,limesurvey::eth,cat,else,4,Invalid,Invalid,N/A,Invalid,Ethnicity,What is your cultural or racial background?,
Immigrant,cat,1,limesurvey,limesurvey::immig,cat,N,2,Immigrant,Immigrant,N/A,Immigrant,Immigrant,Were you born a Canadian citizen?,
Immigrant,cat,2,limesurvey,limesurvey::immig,cat,Y,2,Not an immigrant,Not an immigrant,N/A,Not an immigrant,Immigrant,Were you born a Canadian citizen?,
Immigrant,cat,NA::B,limesurvey,limesurvey::immig,cat,else,2,Invalid,Invalid,N/A,Invalid,Immigrant,Were you born a Canadian citizen?,
Edu4,cat,1,limesurvey,limesurvey::edu,cat,lhs,4,Less than secondary school,Less than secondary school,N/A,Less than secondary school,Education,What is your education level?,
Edu4,cat,2,limesurvey,limesurvey::edu,cat,hs,4,Secondary school graduation,Secondary school graduation,N/A,Secondary school graduation,Education,What is your education level?,
Edu4,cat,3,limesurvey,limesurvey::edu,cat,sps,4,Some postsecondary,Some postsecondary,N/A,Some postsecondary,Education,What is your education level?,
Edu4,cat,4,limesurvey,limesurvey::edu,cat,ps,4,Postsecondary graduation,Postsecondary graduation,N/A,Postsecondary graduation,Education,What is your education level?,
Edu4,cat,NA::b,limesurvey,limesurvey::edu,cat,else,4,Invalid,Invalid,N/A,Invalid,Education,What is your education level?,
MS4,cat,1,limesurvey,limesurvey::ms,cat,marr,4,Now married / common-law,Now married / common-law,N/A,Now married / common-law,Marital Status,What is your marital status?,
MS4,cat,2,limesurvey,limesurvey::ms,cat,div,4,Separated / divorced,Separated / divorced,N/A,Separated / divorced,Marital Status,What is your marital status?,
MS4,cat,3,limesurvey,limesurvey::ms,cat,wid,4,Widowed,Widowed,N/A,Widowed,Marital Status,What is your marital status?,
MS4,cat,4,limesurvey,limesurvey::ms,cat,sing,4,Single,Single,N/A,Single,Marital Status,What is your marital status?,
MS4,cat,NA::b,limesurvey,limesurvey::ms,cat,else,4,Invalid,Invalid,N/A,Invalid,Marital Status,What is your marital status?,
Deprivation,cat,1,limesurvey,limesurvey::dep,cat,abav,3,Low,Low neightbourhood material deprivation,N/A,Above Average,Deprivation,What is the level of social support and wealth in your neighbourhood compared to the rest of your country?,
Deprivation,cat,2,limesurvey,limesurvey::dep,cat,av,3,Moderate,Moderate neighbourhood material deprivation,N/A,Average,Deprivation,What is the level of social support and wealth in your neighbourhood compared to the rest of your country?,
Deprivation,cat,3,limesurvey,limesurvey::dep,cat,bav,3,High,High neighbourhood material deprivation,N/A,Below Average,Deprivation,What is the level of social support and wealth in your neighbourhood compared to the rest of your country?,
Deprivation,cat,NA::b,limesurvey,limesurvey::dep,cat,else,3,Invalid,Invalid,N/A,Invalid,Deprivation,What is the level of social support and wealth in your neighbourhood compared to the rest of your country?,
Multilingual,cat,1,limesurvey,limesurvey::lang,cat,Y,2,Multilingual,Multilingual,N/A,Yes,Multilingual,Do you speak more than one language?,
Multilingual,cat,2,limesurvey,limesurvey::lang,cat,N,2,Not multilingual,Not multilingual,N/A,No,Multilingual,Do you speak more than one language?,
Multilingual,cat,NA::b,limesurvey,limesurvey::lang,cat,else,2,Invalid,Invalid,N/A,Invalid,Multilingual,Do you speak more than one language?,
Belong,cat,1,limesurvey,limesurvey::belong,cat,vs,4,Very strong,Very strong,N/A,Very strong,Belong,How would you describe your sense of belonging to your local community?,
Belong,cat,2,limesurvey,limesurvey::belong,cat,ss,4,Somewhat strong,Somewhat strong,N/A,Somewhat strong,Belong,How would you describe your sense of belonging to your local community?,
Belong,cat,3,limesurvey,limesurvey::belong,cat,sw,4,Somewhat weak,Somewhat weak,N/A,Somewhat weak,Belong,How would you describe your sense of belonging to your local community?,
Belong,cat,4,limesurvey,limesurvey::belong,cat,vw,4,Very weak,Very weak,N/A,Very weak,Belong,How would you describe your sense of belonging to your local community?,
Belong,cat,NA::b,limesurvey,limesurvey::belong,cat,else,4,Invalid,Invalid,N/A,Invalid,Belong,How would you describe your sense of belonging to your local community?,
Stress,cat,1,limesurvey,limesurvey::stress,cat,naas,5,Not at all stressful,Not at all stressful,N/A,Not at all stressful,Stress,"Thinking about the amount of stress in your life, would you say that most days are:",
Stress,cat,2,limesurvey,limesurvey::stress,cat,nvs,5,Not very stressful,Not very stressful,N/A,Not very stressful,Stress,"Thinking about the amount of stress in your life, would you say that most days are:",
Stress,cat,3,limesurvey,limesurvey::stress,cat,abs,5,A bit stressful,A bit stressful,N/A,A bit stressful,Stress,"Thinking about the amount of stress in your life, would you say that most days are:",
Stress,cat,4,limesurvey,limesurvey::stress,cat,qabs,5,Quite a bit stressful,Quite a bit stressful ,N/A,Quite a bit stressful,Stress,"Thinking about the amount of stress in your life, would you say that most days are:",
Stress,cat,5,limesurvey,limesurvey::stress,cat,es,5,Extreamly stressful,Extreamly stressful,N/A,Extreamly stressful,Stress,"Thinking about the amount of stress in your life, would you say that most days are:",
Stress,cat,NA::b,limesurvey,limesurvey::stress,cat,else,5,Invalid,Invalid,N/A,Invalid,Stress,"Thinking about the amount of stress in your life, would you say that most days are:",
SRHealth,cat,1,limesurvey,limesurvey::srhealth,cat,po,5,Poor,Poor self-rated health,N/A,Poor self-rated health,SRHealth,"In general, would you say your health is:",
SRHealth,cat,2,limesurvey,limesurvey::srhealth,cat,fa,5,Fair,Fair self-rated health,N/A,Fair self-rated health,SRHealth,"In general, would you say your health is:",
SRHealth,cat,3,limesurvey,limesurvey::srhealth,cat,go,5,Good,Good self-rated health,N/A,Good self-rated health,SRHealth,"In general, would you say your health is:",
SRHealth,cat,4,limesurvey,limesurvey::srhealth,cat,vg,5,Very Good,Very good self-rated health,N/A,Very good self-rated health,SRHealth,"In general, would you say your health is:",
SRHealth,cat,5,limesurvey,limesurvey::srhealth,cat,ex,5,Excellent,Excellent self-rated health,N/A,Excellent self-rated health,SRHealth,"In general, would you say your health is:",
SRHealth,cat,NA::b,limesurvey,limesurvey::srhealth,cat,else,5,Invalid,Invalid,N/A,Invalid,SRHealth,"In general, would you say your health is:",
smokingstat_mut,cat,A1,limesurvey,limesurvey::smokingstat,cat,A1,4,Daily,Daily,N/A,Daily,Smoking Status,What is your current smoking status?,
smokingstat_mut,cat,A2,limesurvey,limesurvey::smokingstat,cat,A2,4,Current occasional smoker,Current occasional smoker,N/A,Current occasional smoker,Smoking Status,What is your current smoking status?,
smokingstat_mut,cat,A3,limesurvey,limesurvey::smokingstat,cat,A3,4,Former smoker (daily or occasionally),Former smoker (daily or occasionally),N/A,Former smoker (daily or occasionally),Smoking Status,What is your current smoking status?,
smokingstat_mut,cat,A4,limesurvey,limesurvey::smokingstat,cat,A4,4,Never smoked,Never smoked,N/A,Never smoked,Smoking Status,What is your current smoking status?,
smokingstat_mut,cat,NA::b,limesurvey,limesurvey::smokingstat,cat,else,4,Invalid,Invalid,N/A,Invalid,Smoking Status,What is your current smoking status?,
lessdaily_mut,cat,yless,limesurvey,limesurvey::lessdaily,cat,yless,2,Yes,Yes,N/A,Yes,Have you smoked daily in the past?,Have you smoked daily in the past?,
lessdaily_mut,cat,nless,limesurvey,limesurvey::lessdaily,cat,nless,2,No,No,N/A,No,Have you smoked daily in the past?,Have you smoked daily in the past?,
lessdaily_mut,cat,NA::b,limesurvey,limesurvey::lessdaily,cat,else,2,Invalid,Invalid,N/A,Invalid,Have you smoked daily in the past?,Have you smoked daily in the past?,
pastsmoke_mut,cat,dal,limesurvey,limesurvey::pastsmoke,cat,dal,2,Daily,Daily,N/A,Daily,"In the past, did you smoke daily?","In the past, did you smoke daily?",
pastsmoke_mut,cat,dal2,limesurvey,limesurvey::pastsmoke,cat,dal2,2,Less than daily,Less than daily,N/A,Less than daily,"In the past, did you smoke daily?","In the past, did you smoke daily?",
pastsmoke_mut,cat,NA::b,limesurvey,limesurvey::pastsmoke,cat,else,2,Invalid,Invalid,N/A,Invalid,"In the past, did you smoke daily?","In the past, did you smoke daily?",
TypeOfSmoker2,cat,Func::TypeOfSmoker2.fun,limesurvey,"DerivedVar::[smokingstat_mut, lessdaily_mut, pastsmoke_mut]",N/A,N/A,N/A,N/A,N/A,N/A,N/A,N/A,N/A,
TypeOfSmoker2,cat,1,limesurvey,"DerivedVar::[smokingstat_mut, lessdaily_mut, pastsmoke_mut]",N/A,N/A,6,Current daily smoker,Current daily smoker,N/A,N/A,N/A,N/A,
TypeOfSmoker2,cat,2,limesurvey,"DerivedVar::[smokingstat_mut, lessdaily_mut, pastsmoke_mut]",N/A,N/A,6,Curent occasional smoker - daily in past,Curent occasional smoker - daily in past,N/A,N/A,N/A,N/A,
TypeOfSmoker2,cat,3,limesurvey,"DerivedVar::[smokingstat_mut, lessdaily_mut, pastsmoke_mut]",N/A,N/A,6,Current occasional smoker - never daily,Current occasional smoker - never daily,N/A,N/A,N/A,N/A,
TypeOfSmoker2,cat,4,limesurvey,"DerivedVar::[smokingstat_mut, lessdaily_mut, pastsmoke_mut]",N/A,N/A,6,Former smoker - daily in past,Former smoker - daily in past,N/A,N/A,N/A,N/A,
TypeOfSmoker2,cat,5,limesurvey,"DerivedVar::[smokingstat_mut, lessdaily_mut, pastsmoke_mut]",N/A,N/A,6,Former smoker never daily,Former smoker never daily,N/A,N/A,N/A,N/A,
TypeOfSmoker2,cat,6,limesurvey,"DerivedVar::[smokingstat_mut, lessdaily_mut, pastsmoke_mut]",N/A,N/A,6,Non-smoker,Non-smoker,N/A,N/A,N/A,N/A,
TypeOfSmoker2,cat,NA::a,limesurvey,"DerivedVar::[smokingstat_mut, lessdaily_mut, pastsmoke_mut]",N/A,N/A,6,Missing,Missing,N/A,N/A,N/A,N/A,
TypeOfSmoker2,cat,NA::b,limesurvey,"DerivedVar::[smokingstat_mut, lessdaily_mut, pastsmoke_mut]",N/A,N/A,6,Invalid,Invalid,N/A,N/A,N/A,N/A,
dailyage_mut,cont,copy,limesurvey,limesurvey::dailyage,cont,else,N/A,Age Start Smoking Daily,What age did you start smoking daily,years,Age Start Smoking Daily,Age Start Smoking Daily,What age did you start smoking daily,
dailycig_mut,cont,copy,limesurvey,limesurvey::dailycig,cont,else,N/A,Average cigarettes smoked per day,Average cigarettes smoked per day,cigarettes per day,Average cigarettes smoked per day,Average cigarettes smoked per day,"On average, how many cigarettes do you smoke per day?",
stopdaily_mut,cont,copy,limesurvey,limesurvey::stopdaily,cont,else,N/A,What age did you stop smoking daily?,What age did you stop smoking daily?,years,What age did you stop smoking daily?,What age did you stop smoking daily?,What age did you stop smoking daily?,
dailyage2_mut,cont,copy,limesurvey,limesurvey::dailyage2,cont,else,N/A,What age did you start smoking daily?,What age did you start smoking daily?,years,What age did you start smoking daily?,What age did you start smoking daily?,What age did you start smoking daily?,
dailycig3_mut,cont,copy,limesurvey,limesurvey::dailycig3,cont,else,N/A,"On average, how many cigarettes did you smoke per day?","On average, how many cigarettes did you smoke per day?",years,"On average, how many cigarettes did you smoke per day?","On average, how many cigarettes did you smoke per day?","On average, how many cigarettes did you smoke per day?",
stopdaily2_mut,cont,copy,limesurvey,limesurvey::stopdaily2,cont,else,N/A,What age did you stop smoking daily?,What age did you stop smoking daily?,years,What age did you stop smoking daily?,What age did you stop smoking daily?,What age did you stop smoking daily?,
dailyage3_mut,cont,copy,limesurvey,limesurvey::dailyage3,cont,else,N/A,What age did you start smoking daily?,What age did you start smoking daily?,years,What age did you start smoking daily?,What age did you start smoking daily?,What age did you start smoking daily?,
dailycig4_mut,cont,copy,limesurvey,limesurvey::dailycig4,cont,else,N/A,"On average, how many cigarettes did you smoke per day?","On average, how many cigarettes did you smoke per day?",years,"On average, how many cigarettes did you smoke per day?","On average, how many cigarettes did you smoke per day?","On average, how many cigarettes did you smoke per day?",
PackYears_cont,cont,Func::PackYears_cont.fun,limesurvey,"DerivedVar::[TypeOfSmoker2, Age_cont, dailyage_mut, dailycig_mut, stopdaily_mut, dailyage2_mut, dailycig3_mut, stopdaily2_mut, dailyage3_mut, dailycig4_mut]",N/A,N/A,N/A,N/A,N/A,N/A,N/A,N/A,N/A,
PackYears_cont,cont,"[0,112]",limesurvey,"DerivedVar::[TypeOfSmoker2, Age_cont, dailyage_mut, dailycig_mut, stopdaily_mut, dailyage2_mut, dailycig3_mut, stopdaily2_mut, dailyage3_mut, dailycig4_mut]",N/A,N/A,N/A,Packets of cigarettes smoked per year,Packets of cigarettes smoked per year,packets year,N/A,N/A,N/A,
PackYears_cont,cont,NA::a,limesurvey,"DerivedVar::[TypeOfSmoker2, Age_cont, dailyage_mut, dailycig_mut, stopdaily_mut, dailyage2_mut, dailycig3_mut, stopdaily2_mut, dailyage3_mut, dailycig4_mut]",N/A,N/A,N/A,Missing,Missing,packyears,N/A,N/A,N/A,
tsq5_mut,cat,less5,limesurvey,limesurvey::tsq5,cat,less5,2,5 years ago or less,5 years ago or less,N/A,5 years ago or less,How long ago did you quit smoking completely?,How long ago did you quit smoking completely?,
tsq5_mut,cat,more5,limesurvey,limesurvey::tsq5,cat,more5,2,More than 5 years ago,More than 5 years ago,N/A,More than 5 years ago,How long ago did you quit smoking completely?,How long ago did you quit smoking completely?,
tsq5_mut,cat,NA::b,limesurvey,limesurvey::tsq5,cat,else,2,Invalid,Invalid,N/A,Invalid,How long ago did you quit smoking completely?,How long ago did you quit smoking completely?,
SmokeSimple,cat,Func::SmokeSimple.fun,limesurvey,"DerivedVar::[TypeOfSmoker2, tsq5_mut]",N/A,N/A,4,N/A,N/A,N/A,N/A,N/A,N/A,
SmokeSimple,cat,1,limesurvey,"DerivedVar::[TypeOfSmoker2, tsq5_mut]",N/A,N/A,4,Non-smoker,Non-smoker,N/A,N/A,N/A,N/A,
SmokeSimple,cat,2,limesurvey,"DerivedVar::[TypeOfSmoker2, tsq5_mut]",N/A,N/A,4,Former smoker 5+ years since quit,Former smoker 5+ years since quit,N/A,N/A,N/A,N/A,
SmokeSimple,cat,3,limesurvey,"DerivedVar::[TypeOfSmoker2, tsq5_mut]",N/A,N/A,4,Former smoker <5 years since quit,Former smoker <5 years since quit,N/A,N/A,N/A,N/A,
SmokeSimple,cat,4,limesurvey,"DerivedVar::[TypeOfSmoker2, tsq5_mut]",N/A,N/A,4,Current smoker,Current smoker,N/A,N/A,N/A,N/A,
SmokeSimple,cat,NA::a,limesurvey,"DerivedVar::[TypeOfSmoker2, tsq5_mut]",N/A,N/A,4,Missing,Missing,N/A,N/A,N/A,N/A,
drk_mut,cont,copy,limesurvey,limesurvey::drk,cont,else,N/A,How many drinks of alcohol did you have in the past week?,How many drinks of alcohol did you have in the past week?,drinks per week,How many drinks of alcohol did you have in the past week?,How many drinks of alcohol did you have in the past week?,How many drinks of alcohol did you have in the past week?,
DrinksLastWeek_cont,cont,copy,limesurvey,limesurvey::drk_mut,cont,"[0,50]",N/A,How many drinks of alcohol did you have in the past week?,How many drinks of alcohol did you have in the past week?,drinks per week,How many drinks of alcohol did you have in the past week?,How many drinks of alcohol did you have in the past week?,How many drinks of alcohol did you have in the past week?,
DrinksLastWeek_cont,cont,NA::b,limesurvey,limesurvey::drk_mut,cont,else,N/A,Invalid,Invalid,drinks per week,Invalid,How many drinks of alcohol did you have in the past week?,How many drinks of alcohol did you have in the past week?,
evdk_mut,cat,evdk1,limesurvey,limesurvey::evdk,cat,evdk1,2,Yes,Yes,N/A,Yes,Have you ever had a drink?,Have you ever had a drink?,
evdk_mut,cat,evdk2,limesurvey,limesurvey::evdk,cat,evdk2,2,No,No,N/A,No,Have you ever had a drink?,Have you ever had a drink?,
evdk_mut,cat,NA::b,limesurvey,limesurvey::evdk,cat,else,2,Invalid,Invalid,N/A,Invalid,Have you ever had a drink?,Have you ever had a drink?,
FormerDrinker,cat,Func::FormerDrinker.fun,limesurvey,"DerivedVar::[drk_mut, evdk_mut]",N/A,N/A,2,N/A,N/A,N/A,N/A,N/A,N/A,
FormerDrinker,cat,1,limesurvey,"DerivedVar::[drk_mut, evdk_mut]",N/A,N/A,2,Former drinker,Former drinker,N/A,N/A,N/A,N/A,
FormerDrinker,cat,2,limesurvey,"DerivedVar::[drk_mut, evdk_mut]",N/A,N/A,2,Not a former drinker,Not a former drinker,N/A,N/A,N/A,N/A,
FormerDrinker,cat,NA::a,limesurvey,"DerivedVar::[drk_mut, evdk_mut]",N/A,N/A,2,Missing,Missing,N/A,N/A,N/A,N/A,
fv_fruit1_mut,cont,copy,limesurvey,limesurvey::fv_fruit1,cont,else,N/A,Times had fruit last week,Times had fruit last week,times/week,Times had fruit last week,Times had fruit last week,Times had fruit last week,
fv_veg1_mut,cont,copy,limesurvey,limesurvey::fv_veg1,cont,else,N/A,Times had vegetables last week,Times had vegetables last week,times/week,Times had vegetables last week,Times had vegetables last week,Times had vegetables last week,
FruitVeg_cont,cont,Func::FruitVeg_cont.fun,limesurvey,"DerivedVar::[fv_fruit1_mut, fv_veg1_mut]",N/A,N/A,N/A,N/A,N/A,,N/A,N/A,N/A,
FruitVeg_cont,cont,"[0,12]",limesurvey,"DerivedVar::[fv_fruit1_mut, fv_veg1_mut]",N/A,N/A,N/A,,,,N/A,N/A,N/A,
FruitVeg_cont,cont,NA::a,limesurvey,"DerivedVar::[fv_fruit1_mut, fv_veg1_mut]",N/A,N/A,N/A,Missing,Missing,,N/A,N/A,N/A,
fv_pot1_mut,cont,copy,limesurvey,limesurvey::fv_pot1,cont,else,N/A,Times had potatoes last week,Times had potatoes last week,times/week,Times had potatoes last week,Times had potatoes last week,Times had potatoes last week,
Potato_cont,cont,Func::Potato_cont.fun,limesurvey,DerivedVar::[fv_pot1_mut],N/A,N/A,N/A,N/A,N/A,,N/A,N/A,N/A,
Potato_cont,cont,"[0,2]",limesurvey,DerivedVar::[fv_pot1_mut],N/A,N/A,N/A,,,,N/A,N/A,N/A,
Potato_cont,cont,NA::a,limesurvey,DerivedVar::[fv_pot1_mut],N/A,N/A,N/A,Missing,Missing,,N/A,N/A,N/A,
fv_juice1_mut,cont,copy,limesurvey,limesurvey::fv_juice1,cont,else,N/A,Times had juice last week,Times had juice last week,times/week,Times had juice last week,Times had juice last week,Times had juice last week,
Juice_cont,cont,Func::Juice_cont.fun,limesurvey,DerivedVar::[fv_juice1_mut],N/A,N/A,N/A,N/A,N/A,,N/A,N/A,N/A,
Juice_cont,cont,"[0,6]",limesurvey,DerivedVar::[fv_juice1_mut],N/A,N/A,N/A,,,,N/A,N/A,N/A,
Juice_cont,cont,NA::a,limesurvey,DerivedVar::[fv_juice1_mut],N/A,N/A,N/A,Missing,Missing,,N/A,N/A,N/A,
vigact_mut,cont,copy,limesurvey,limesurvey::vigact,cont,else,N/A,"In the past week, how much time did you spend doing vigorous-intensity physical activity (e.g., running)?","In the past week, how much time did you spend doing vigorous-intensity physical activity (e.g., running)?",hours/day,"In the past week, how much time did you spend doing vigorous-intensity physical activity (e.g., running)?","In the past week, how much time did you spend doing vigorous-intensity physical activity (e.g., running)?","In the past week, how much time did you spend doing vigorous-intensity physical activity (e.g., running)?",
modact_mut,cont,copy,limesurvey,limesurvey::modact,cont,else,N/A,"In the past week, how much time did you spend doing moderate-intensity physical activity (e.g., rollerblading) or sports that are vigorous but not continuous intensity (e.g., ice hockey, soccer, basketball, volleyball)?","In the past week, how much time did you spend doing moderate-intensity physical activity (e.g., rollerblading) or sports that are vigorous but not continuous intensity (e.g., ice hockey, soccer, basketball, volleyball)?",hours/day,"In the past week, how much time did you spend doing moderate-intensity physical activity (e.g., rollerblading) or sports that are vigorous but not continuous intensity (e.g., ice hockey, soccer, basketball, volleyball)?","In the past week, how much time did you spend doing moderate-intensity physical activity (e.g., rollerblading) or sports that are vigorous but not continuous intensity (e.g., ice hockey, soccer, basketball, volleyball)?","In the past week, how much time did you spend doing moderate-intensity physical activity (e.g., rollerblading) or sports that are vigorous but not continuous intensity (e.g., ice hockey, soccer, basketball, volleyball)?",
ligact_mut,cont,copy,limesurvey,limesurvey::ligact,cont,else,N/A,"In the past week, how much time did you spend doing light-intensity physical activities? (e.g., walking, cycling, gardening, exercise class, golfing, bowling, skating, fishing, baseball, tennis)","In the past week, how much time did you spend doing light-intensity physical activities? (e.g., walking, cycling, gardening, exercise class, golfing, bowling, skating, fishing, baseball, tennis)",hours/day,"In the past week, how much time did you spend doing light-intensity physical activities? (e.g., walking, cycling, gardening, exercise class, golfing, bowling, skating, fishing, baseball, tennis)","In the past week, how much time did you spend doing light-intensity physical activities? (e.g., walking, cycling, gardening, exercise class, golfing, bowling, skating, fishing, baseball, tennis)","In the past week, how much time did you spend doing light-intensity physical activities? (e.g., walking, cycling, gardening, exercise class, golfing, bowling, skating, fishing, baseball, tennis)",
PhysicalActivity_cont,,Func::PhysicalActivity_cont.fun,limesurvey,"DerivedVar::[vigact_mut, modact_mut, ligact_mut]",N/A,N/A,N/A,,,METs per day,N/A,N/A,N/A,
PhysicalActivity_cont,,"[0,16]",limesurvey,"DerivedVar::[vigact_mut, modact_mut, ligact_mut]",N/A,N/A,N/A,Missing,Missing,METs per day,N/A,N/A,N/A,
PhysicalActivity_cont,cont,NA::a,limesurvey,"DerivedVar::[vigact_mut, modact_mut, ligact_mut]",N/A,N/A,N/A,N/A,N/A,METs per day,N/A,N/A,N/A,
COPD_cat,cat,1,limesurvey,limesurvey::cond_copd,cat,Y,2,COPD,COPD,N/A,COPD,,,
COPD_cat,cat,2,limesurvey,limesurvey::cond_copd,cat,N,2,No COPD,No COPD,N/A,No COPD,Which of the following conditions do you have?: COPD,Which of the following conditions do you have?: COPD,
COPD_cat,cat,NA::b,limesurvey,limesurvey::cond_copd,cat,else,2,Invalid,Invalid,N/A,Invalid,Which of the following conditions do you have?: COPD,Which of the following conditions do you have?: COPD,
HeartDis_cat,cat,1,limesurvey,limesurvey::cond_hd,cat,Y,2,Heart disease,Heart disease,N/A,Heart disease,Which of the following conditions do you have? Heart Disease,Which of the following conditions do you have? Heart Disease,
HeartDis_cat,cat,2,limesurvey,limesurvey::cond_hd,cat,N,2,No heart disease,No heart disease,N/A,No heart disease,Which of the following conditions do you have? Heart Disease,Which of the following conditions do you have? Heart Disease,
HeartDis_cat,cat,NA::b,limesurvey,limesurvey::cond_hd,cat,else,2,Invalid,Invalid,N/A,Invalid,Which of the following conditions do you have? Heart Disease,Which of the following conditions do you have? Heart Disease,
Stroke_cat,cat,1,limesurvey,limesurvey::cond_stk,cat,Y,2,Stroke,Stroke,N/A,Stroke,Which of the following conditions do you have? Stroke,Which of the following conditions do you have? Stroke,
Stroke_cat,cat,2,limesurvey,limesurvey::cond_stk,cat,N,2,No Stroke,No Stroke,N/A,No Stroke,Which of the following conditions do you have? Stroke,Which of the following conditions do you have? Stroke,
Stroke_cat,cat,NA::b,limesurvey,limesurvey::cond_stk,cat,else,2,Invalid,Invalid,N/A,Invalid,Which of the following conditions do you have? Stroke,Which of the following conditions do you have? Stroke,
Diabetes_cat,cat,1,limesurvey,limesurvey::cond_diab,cat,Y,2,Diabetes,Diabetes,N/A,Diabetes,Which of the following conditions do you have? Diabetes,Which of the following conditions do you have? Diabetes,
Diabetes_cat,cat,2,limesurvey,limesurvey::cond_diab,cat,N,2,No Diabetes,No Diabetes,N/A,No Diabetes,Which of the following conditions do you have? Diabetes,Which of the following conditions do you have? Diabetes,
Diabetes_cat,cat,NA::b,limesurvey,limesurvey::cond_diab,cat,else,2,Invalid,Invalid,N/A,Invalid,Which of the following conditions do you have? Diabetes,Which of the following conditions do you have? Diabetes,
Mood_cat,cat,1,limesurvey,limesurvey::cond_mood,cat,Y,2,Mood disorder,Mood disorder,N/A,Mood disorder,Which of the following conditions do you have? Mood Disorder,Which of the following conditions do you have? Mood Disorder,
Mood_cat,cat,2,limesurvey,limesurvey::cond_mood,cat,N,2,No mood disorder,No mood disorder,N/A,No mood disorder,Which of the following conditions do you have? Mood Disorder,Which of the following conditions do you have? Mood Disorder,
Mood_cat,cat,NA::b,limesurvey,limesurvey::cond_mood,cat,else,2,Invalid,Invalid,N/A,Invalid,Which of the following conditions do you have? Mood Disorder,Which of the following conditions do you have? Mood Disorder,
Hypertension_cat,cat,1,limesurvey,limesurvey::hbp,cat,Y,2,Hypertension,Hypertension,N/A,Hypertension,Which of the following conditions do you have? Hypertension,Which of the following conditions do you have? Hypertension,
Hypertension_cat,cat,2,limesurvey,limesurvey::hbp,cat,N,2,No hypertension,No hypertension,N/A,No hypertension,Which of the following conditions do you have? Hypertension,Which of the following conditions do you have? Hypertension,
Hypertension_cat,cat,NA::b,limesurvey,limesurvey::hbp,cat,else,2,Invalid,Invalid,N/A,Invalid,Which of the following conditions do you have? Hypertension,Which of the following conditions do you have? Hypertension,
Epilepsy_cat,cat,1,limesurvey,limesurvey::epil,cat,Y,2,Epilepsy,Epilepsy,N/A,Epilepsy,Which of the following conditions do you have? Epilepsy,Which of the following conditions do you have? Epilepsy,
Epilepsy_cat,cat,2,limesurvey,limesurvey::epil,cat,N,2,No epilepsy,No epilepsy,N/A,No epilepsy,Which of the following conditions do you have? Epilepsy,Which of the following conditions do you have? Epilepsy,
Epilepsy_cat,cat,NA::b,limesurvey,limesurvey::epil,cat,else,2,Invalid,Invalid,N/A,Invalid,Which of the following conditions do you have? Epilepsy,Which of the following conditions do you have? Epilepsy,
lbs_mut,cont,copy,limesurvey,limesurvey::lbs,cont,else,N/A,Weight in pounds,Weight in pounds,lbs,Weight in Pounds,Weight in Pounds,Weight in Pounds,
kgs_mut,cont,copy,limesurvey,limesurvey::kgs,cont,else,N/A,Weight in kilograms,Weight in kilograms,khs,Weight in kilograms,Weight in kilograms,Weight in kilograms,
cm_mut,cont,copy,limesurvey,limesurvey::cm,cont,else,N/A,Height in centimetres,Height in centimetres,cm,Height in centimetres,Height in centimetres,Height in centimetres,
feetinches_feet_mut,cont,copy,limesurvey,limesurvey::feetinches_feet,cont,else,N/A,Feet portion of height,Feet portion of height,feet,Feet portion of height,Feet portion of height,Feet portion of height,
feetinches_inches_mut,cont,copy,limesurvey,limesurvey::feetinches_inches,cont,else,N/A,Inches portion of height,Inches portion of height,inches,Inches portion of height,Inches portion of height,Inches portion of height,
BMI_cont,cont,Func::BMI_cont.fun,limesurvey,"DerivedVar::[lbs_mut, kgs_mut, cm_mut, feetinches_feet_mut, feetinches_inches_mut]",N/A,N/A,N/A,N/A,N/A,kg/m2,N/A,N/A,N/A,
BMI_cont,cont,"[10,44]",limesurvey,"DerivedVar::[lbs_mut, kgs_mut, cm_mut, feetinches_feet_mut, feetinches_inches_mut]",N/A,N/A,N/A,BMI,BMI,kg/m2,N/A,N/A,N/A,
BMI_cont,cont,NA::a,limesurvey,"DerivedVar::[lbs_mut, kgs_mut, cm_mut, feetinches_feet_mut, feetinches_inches_mut]",N/A,N/A,N/A,Missing,Missing,kg/m2,N/A,N/A,N/A,
needhelp_meals_mut,cat,Y,limesurvey,limesurvey::needhelp_meals,cat,Y,2,Needs help with meals,Needs help with meals,N/A,Needs help with meals,"Because of any physical condition, mental condition or health problem, do you need the help of another person for any of the following activities? Meals","Because of any physical condition, mental condition or health problem, do you need the help of another person for any of the following activities? Meals",
needhelp_meals_mut,cat,N,limesurvey,limesurvey::needhelp_meals,cat,N,2,Does not need help with mea;s,Does not need help with mea;s,N/A,Does not need help with mea;s,"Because of any physical condition, mental condition or health problem, do you need the help of another person for any of the following activities? Meals","Because of any physical condition, mental condition or health problem, do you need the help of another person for any of the following activities? Meals",
needhelp_meals_mut,cat,NA::b,limesurvey,limesurvey::needhelp_meals,cat,else,2,Invalid,Invalid,N/A,Invalid,"Because of any physical condition, mental condition or health problem, do you need the help of another person for any of the following activities? Meals","Because of any physical condition, mental condition or health problem, do you need the help of another person for any of the following activities? Meals",
needhelp_errands_mut,cat,Y,limesurvey,limesurvey::needhelp_errands,cat,Y,2,Needs help with errands,Needs help with errands,N/A,Needs help with errands,"Because of any physical condition, mental condition or health problem, do you need the help of another person for any of the following activities? Errands","Because of any physical condition, mental condition or health problem, do you need the help of another person for any of the following activities? Errands",
needhelp_errands_mut,cat,N,limesurvey,limesurvey::needhelp_errands,cat,N,2,Does not need help with errands,Does not need help with errands,N/A,Does not need help with errands,"Because of any physical condition, mental condition or health problem, do you need the help of another person for any of the following activities? Errands","Because of any physical condition, mental condition or health problem, do you need the help of another person for any of the following activities? Errands",
needhelp_errands_mut,cat,NA::b,limesurvey,limesurvey::needhelp_errands,cat,else,2,Invalid,Invalid,N/A,Invalid,"Because of any physical condition, mental condition or health problem, do you need the help of another person for any of the following activities? Errands","Because of any physical condition, mental condition or health problem, do you need the help of another person for any of the following activities? Errands",
needhelp_hw_mut,cat,Y,limesurvey,limesurvey::needhelp_hw,cat,Y,2,Needs help with house work,Needs help with house work,N/A,Needs help with house work,"Because of any physical condition, mental condition or health problem, do you need the help of another person for any of the following activities? Housework","Because of any physical condition, mental condition or health problem, do you need the help of another person for any of the following activities? Housework",
needhelp_hw_mut,cat,N,limesurvey,limesurvey::needhelp_hw,cat,N,2,Does not need help with housework,Does not need help with housework,N/A,Does not need help with housework,"Because of any physical condition, mental condition or health problem, do you need the help of another person for any of the following activities? Housework","Because of any physical condition, mental condition or health problem, do you need the help of another person for any of the following activities? Housework",
needhelp_hw_mut,cat,NA::b,limesurvey,limesurvey::needhelp_hw,cat,else,2,Invalid,Invalid,N/A,Invalid,"Because of any physical condition, mental condition or health problem, do you need the help of another person for any of the following activities? Housework","Because of any physical condition, mental condition or health problem, do you need the help of another person for any of the following activities? Housework",
needhelp_pcare_mut,cat,Y,limesurvey,limesurvey::needhelp_pcare,cat,Y,2,Needs help with personal care,Needs help with personal care,N/A,Needs help with personal care,"Because of any physical condition, mental condition or health problem, do you need the help of another person for any of the following activities? Personal care such as washing, dressing, eating or taking medications","Because of any physical condition, mental condition or health problem, do you need the help of another person for any of the following activities? Personal care such as washing, dressing, eating or taking medications",
needhelp_pcare_mut,cat,N,limesurvey,limesurvey::needhelp_pcare,cat,N,2,Does not need help with personal care,Does not need help with personal care,N/A,Does not need help with personal care,"Because of any physical condition, mental condition or health problem, do you need the help of another person for any of the following activities? Personal care such as washing, dressing, eating or taking medications","Because of any physical condition, mental condition or health problem, do you need the help of another person for any of the following activities? Personal care such as washing, dressing, eating or taking medications",
needhelp_pcare_mut,cat,NA::b,limesurvey,limesurvey::needhelp_pcare,cat,else,2,Invalid,Invalid,N/A,Invalid,"Because of any physical condition, mental condition or health problem, do you need the help of another person for any of the following activities? Personal care such as washing, dressing, eating or taking medications","Because of any physical condition, mental condition or health problem, do you need the help of another person for any of the following activities? Personal care such as washing, dressing, eating or taking medications",
needhelp_mov_mut,cat,Y,limesurvey,limesurvey::needhelp_mov,cat,Y,2,Yes,Yes,N/A,Yes,"Because of any physical condition, mental condition or health problem, do you need the help of another person for any of the following activities? Moving about inside the house","Because of any physical condition, mental condition or health problem, do you need the help of another person for any of the following activities? Moving about inside the house",
needhelp_mov_mut,cat,N,limesurvey,limesurvey::needhelp_mov,cat,N,2,No,No,N/A,No,"Because of any physical condition, mental condition or health problem, do you need the help of another person for any of the following activities? Moving about inside the house","Because of any physical condition, mental condition or health problem, do you need the help of another person for any of the following activities? Moving about inside the house",
needhelp_mov_mut,cat,NA::b,limesurvey,limesurvey::needhelp_mov,cat,else,2,Invalid,Invalid,N/A,Invalid,"Because of any physical condition, mental condition or health problem, do you need the help of another person for any of the following activities? Moving about inside the house","Because of any physical condition, mental condition or health problem, do you need the help of another person for any of the following activities? Moving about inside the house",
needhelp_finan_mut,cat,Y,limesurvey,limesurvey::needhelp_finan,cat,Y,2,Yes,Yes,N/A,Yes,"Because of any physical condition, mental condition or health problem, do you need the help of another person for any of the following activities? Looking after your personal finances such as making bank transactions or paying bills","Because of any physical condition, mental condition or health problem, do you need the help of another person for any of the following activities? Looking after your personal finances such as making bank transactions or paying bills",
needhelp_finan_mut,cat,N,limesurvey,limesurvey::needhelp_finan,cat,N,2,No,No,N/A,No,"Because of any physical condition, mental condition or health problem, do you need the help of another person for any of the following activities? Looking after your personal finances such as making bank transactions or paying bills","Because of any physical condition, mental condition or health problem, do you need the help of another person for any of the following activities? Looking after your personal finances such as making bank transactions or paying bills",
needhelp_finan_mut,cat,NA::b,limesurvey,limesurvey::needhelp_finan,cat,else,2,Invalid,Invalid,N/A,Invalid,"Because of any physical condition, mental condition or health problem, do you need the help of another person for any of the following activities? Looking after your personal finances such as making bank transactions or paying bills","Because of any physical condition, mental condition or health problem, do you need the help of another person for any of the following activities? Looking after your personal finances such as making bank transactions or paying bills",
needhelp_none_mut,cat,Y,limesurvey,limesurvey::needhelp_none,cat,Y,2,Yes,Yes,N/A,Yes,"Because of any physical condition, mental condition or health problem, do you need the help of another person for any of the following activities? None","Because of any physical condition, mental condition or health problem, do you need the help of another person for any of the following activities? None",
needhelp_none_mut,cat,N,limesurvey,limesurvey::needhelp_none,cat,N,2,No,No,N/A,No,"Because of any physical condition, mental condition or health problem, do you need the help of another person for any of the following activities? None","Because of any physical condition, mental condition or health problem, do you need the help of another person for any of the following activities? None",
needhelp_none_mut,cat,NA::b,limesurvey,limesurvey::needhelp_none,cat,else,2,Invalid,Invalid,N/A,Invalid,"Because of any physical condition, mental condition or health problem, do you need the help of another person for any of the following activities? None","Because of any physical condition, mental condition or health problem, do you need the help of another person for any of the following activities? None",
NeedHelp,cont,Func::NeedHelp.fun,limesurvey,"DerivedVar::[needhelp_meals_mut, needhelp_errands_mut, needhelp_hw_mut, needhelp_pcare_mut, needhelp_mov_mut, needhelp_finan_mut, needhelp_none_mut]",N/A,N/A,7,N/A,N/A,N/A,N/A,N/A,N/A,
NeedHelp,cont,0,limesurvey,"DerivedVar::[needhelp_meals_mut, needhelp_errands_mut, needhelp_hw_mut, needhelp_pcare_mut, needhelp_mov_mut, needhelp_finan_mut, needhelp_none_mut]",N/A,N/A,7,0,Does not need help with daily activities,N/A,N/A,N/A,N/A,
NeedHelp,cont,1,limesurvey,"DerivedVar::[needhelp_meals_mut, needhelp_errands_mut, needhelp_hw_mut, needhelp_pcare_mut, needhelp_mov_mut, needhelp_finan_mut, needhelp_none_mut]",N/A,N/A,7,1,Need help with 1 activity,N/A,N/A,N/A,N/A,
NeedHelp,cont,2,limesurvey,"DerivedVar::[needhelp_meals_mut, needhelp_errands_mut, needhelp_hw_mut, needhelp_pcare_mut, needhelp_mov_mut, needhelp_finan_mut, needhelp_none_mut]",N/A,N/A,7,2,Need help with 2 activities,N/A,N/A,N/A,N/A,
NeedHelp,cont,3,limesurvey,"DerivedVar::[needhelp_meals_mut, needhelp_errands_mut, needhelp_hw_mut, needhelp_pcare_mut, needhelp_mov_mut, needhelp_finan_mut, needhelp_none_mut]",N/A,N/A,7,3,Need help with 3 activities,N/A,N/A,N/A,N/A,
NeedHelp,cont,4,limesurvey,"DerivedVar::[needhelp_meals_mut, needhelp_errands_mut, needhelp_hw_mut, needhelp_pcare_mut, needhelp_mov_mut, needhelp_finan_mut, needhelp_none_mut]",N/A,N/A,7,4,Need help with 4 activities,N/A,N/A,N/A,N/A,
NeedHelp,cont,5,limesurvey,"DerivedVar::[needhelp_meals_mut, needhelp_errands_mut, needhelp_hw_mut, needhelp_pcare_mut, needhelp_mov_mut, needhelp_finan_mut, needhelp_none_mut]",N/A,N/A,7,5,Need help with 5 activities,N/A,N/A,N/A,N/A,
NeedHelp,cont,6,limesurvey,"DerivedVar::[needhelp_meals_mut, needhelp_errands_mut, needhelp_hw_mut, needhelp_pcare_mut, needhelp_mov_mut, needhelp_finan_mut, needhelp_none_mut]",N/A,N/A,7,6,Need help with 6 activities,N/A,N/A,N/A,N/A,
NeedHelp,cont,NA::a,limesurvey,"DerivedVar::[needhelp_meals_mut, needhelp_errands_mut, needhelp_hw_mut, needhelp_pcare_mut, needhelp_mov_mut, needhelp_finan_mut, needhelp_none_mut]",N/A,N/A,7,Missing,Missing,N/A,N/A,N/A,N/A,
SurveyCycle,cat,1,limesurvey,[surveyCycle],cat,1,6,2001,CCHS 1.1 (2001),N/A,Survey Cycle,Survey Cycle,Survey Cycle,
SurveyCycle,cat,2,limesurvey,[surveyCycle],cat,2,6,2003,CCHS 2.1 (2003),N/A,Survey Cycle,Survey Cycle,Survey Cycle,
SurveyCycle,cat,3,limesurvey,[surveyCycle],cat,3,6,2005,CCHS 3.1 (2005),N/A,Survey Cycle,Survey Cycle,Survey Cycle,
SurveyCycle,cat,4,limesurvey,[surveyCycle],cat,4,6,2007/2008,CCHS 4.1 (2007/08),N/A,Survey Cycle,Survey Cycle,Survey Cycle,
SurveyCycle,cat,5,limesurvey,[surveyCycle],cat,5,6,2009/2010,CCHS 2009/10,N/A,Survey Cycle,Survey Cycle,Survey Cycle,
SurveyCycle,cat,6,limesurvey,[surveyCycle],cat,6,6,2011/2012,CCHS 2011/12,N/A,Survey Cycle,Survey Cycle,Survey Cycle,
SurveyCycle,cat,NA::b,limesurvey,[surveyCycle],cat,else,6,Missing,Missing,N/A,Survey Cycle,Survey Cycle,Survey Cycle,
time,cont,copy,limesurvey,[time],cont,"[1,5]",N/A,Predicted risk time,Predicted risk time,years,Predicted risk time,Predicted risk time,Predicted risk time,
time,cont,NA::a,limesurvey,[time],cont,NA::a,N/A,Missing,Missing,years,Missing,Predicted risk time,Predicted risk time,
time,cont,NA::b,limesurvey,[time],cont,else,N/A,Invalid,Invalid,years,Invalid,Predicted risk time,Predicted risk time,
